{
  "numerical_features": {
    "issue_age": {
      "mean": 49.822,
      "median": 50.0,
      "std": 17.309144307205486,
      "p90": 74.0,
      "corr_with_target": 0.08916592357954
    },
    "duration": {
      "mean": 15.1187,
      "median": 15.0,
      "std": 8.33909853440032,
      "p90": 27.0,
      "corr_with_target": -0.0007121025282287757
    },
    "face_amount": {
      "mean": 495310.38146506384,
      "median": 344220.9105284198,
      "std": 492620.7762292811,
      "p90": 1145790.5229412685,
      "corr_with_target": -0.002772706073354215
    }
  },
  "categorical_features": {
    "smoker_status": {
      "distribution": {
        "Non-Smoker": 0.857,
        "Smoker": 0.143
      },
      "avg_target_by_group": {
        "Non-Smoker": 0.0039673278879813305,
        "Smoker": 0.004195804195804196
      }
    },
    "preferred_class": {
      "distribution": {
        "Standard": 0.4993,
        "Substandard": 0.2042,
        "Classic Pref": 0.1969,
        "Super Pref": 0.0996
      },
      "avg_target_by_group": {
        "Classic Pref": 0.0035551041137633316,
        "Standard": 0.0036050470658922492,
        "Substandard": 0.005876591576885406,
        "Super Pref": 0.0030120481927710845
      }
    },
    "plan_type": {
      "distribution": {
        "Term 20": 0.3351,
        "Term 10": 0.3346,
        "Whole Life": 0.3303
      },
      "avg_target_by_group": {
        "Term 10": 0.005678421996413628,
        "Term 20": 0.003879438973440764,
        "Whole Life": 0.0024220405691795337
      }
    }
  }
}